Sample,SNP_1_1,SNP_1_2,SNP_1_3,SNP_2_1,SNP_2_2,SNP_2_3,SNP_3_1,SNP_3_2,SNP_3_3,SNP_4_1,SNP_4_2,SNP_4_3,SNP_5_1,SNP_5_2,SNP_5_3
tree_01,0.244634373,0.323899384,0.431466243,0.008414599,0.291950838,0.699634563,0.733961071,0.214154155,0.051884774,0.426517497,0.020265298,0.553217205,0.45195477,0.177303254,0.370741975
tree_02,0.520062632,0.353408038,0.12652933,0.710590815,0.273740162,0.015669023,0.334777601,0.261234181,0.403988218,0.608485411,0.064582036,0.326932554,0.046579444,0.523621918,0.429798637
tree_03,0.325793736,0.511100243,0.163106021,0.508942475,0.47227473,0.018782794,0.332425531,0.61248637,0.055088099,0.292993233,0.550803785,0.156202981,0.61251436,0.275023386,0.112462254
tree_04,0.253321913,0.115327329,0.631350758,0.186301542,0.436349713,0.377348745,0.419996418,0.104694417,0.475309165,0.318727895,0.330654315,0.35061779,0.073708974,0.563362783,0.362928244
tree_05,0.15291413,0.247006291,0.600079579,0.251391186,0.308645423,0.439963391,0.202946299,0.576113677,0.220940024,0.455707686,0.289176051,0.255116262,0.196335393,0.321998785,0.481665822
tree_06,0.240026499,0.452797967,0.307175534,0.1334587,0.826983253,0.039558046,0.324983085,0.416363815,0.2586531,0.324706148,0.405486156,0.269807697,0.269219308,0.245369874,0.485410818
tree_07,0.58060213,0.400246092,0.019151778,0.280606802,0.477279943,0.242113255,0.151014733,0.410648211,0.438337056,0.442639973,0.318338202,0.239021824,0.605952283,0.117441898,0.276605819
tree_08,0.620009419,0.23967522,0.140315361,0.046720932,0.444499758,0.508779311,0.306738102,0.509544422,0.183717476,0.1406585,0.258810939,0.600530561,0.337151973,0.094794533,0.568053494
tree_09,0.176504661,0.322097636,0.501397704,0.09370991,0.485370975,0.420919115,0.524752055,0.306037357,0.169210588,0.142065958,0.214575609,0.643358434,0.374579621,0.209864721,0.415555658
tree_10,0.330310913,0.357511393,0.312177693,0.434526582,0.204249824,0.361223594,0.398674558,0.102783788,0.498541654,0.593815518,0.283205467,0.122979015,0.544148726,0.098151107,0.357700167
tree_11,0.236190534,0.014305608,0.749503858,0.663443821,0.068344913,0.268211266,0.578272705,0.325509378,0.096217917,0.48728377,0.089935652,0.422780578,0.64133314,0.198953752,0.159713108
tree_12,0.536126172,0.451293788,0.01258004,0.307370411,0.245445457,0.447184132,0.368370313,0.477537591,0.154092096,0.387998123,0.064133611,0.547868266,0.925732871,0.057259337,0.017007792
tree_13,0.539470269,0.412277897,0.048251834,0.581583552,0.141760279,0.276656169,0.091018344,0.392870062,0.516111594,0.260101481,0.299138829,0.44075969,0.670015901,0.274450705,0.055533395
tree_14,0.174147856,0.111780838,0.714071306,0.66539761,0.29792093,0.036681459,0.043896645,0.431686052,0.524417303,0.37734084,0.085757453,0.536901707,0.585581071,0.204562977,0.209855952
tree_15,0.318591573,0.233116131,0.448292295,0.509170752,0.017642297,0.473186951,0.148023398,0.365290955,0.486685648,0.430011895,0.185713497,0.384274609,0.29631087,0.701968226,0.001720905
tree_16,0.134961946,0.250839518,0.614198536,0.502802247,0.038037779,0.459159974,0.313490504,0.381639018,0.304870478,0.000378135,0.670064382,0.329557483,0.431370413,0.510519857,0.058109729
tree_17,0.177732997,0.449838625,0.372428378,0.320629038,0.576857747,0.102513216,0.500822496,0.077328771,0.421848733,0.251337619,0.360388676,0.388273705,0.423297239,0.407724589,0.168978173
tree_18,0.24581754,0.380764407,0.373418053,0.056463524,0.874895551,0.068640925,0.429427436,0.369618161,0.200954403,0.296746806,0.400064359,0.303188836,0.174200019,0.301274059,0.524525921
tree_19,0.253256417,0.636862367,0.109881216,0.383682973,0.272947446,0.343369581,0.330691128,0.430620338,0.238688535,0.376339538,0.458232404,0.165428058,0.308528634,0.463176268,0.228295097
tree_20,0.395059547,0.216869991,0.388070462,0.75095126,0.031279109,0.217769631,0.524651228,0.035942255,0.439406517,0.457573638,0.074316312,0.46811005,0.334526087,0.352982071,0.312491841
tree_21,0.367712947,0.356831225,0.275455828,0.366329485,0.513846968,0.119823546,0.554511568,0.046266127,0.399222305,0.011916246,0.222422903,0.765660851,0.572940298,0.031642227,0.395417476
tree_22,0.572375359,0.374958,0.052666641,0.018254508,0.593096438,0.388649054,0.026580613,0.383515013,0.589904375,0.376796625,0.477793782,0.145409593,0.219509876,0.406850227,0.373639897
tree_23,0.240766369,0.2420199,0.517213732,0.319620838,0.253037779,0.427341383,0.477152229,0.490038427,0.032809344,0.270669841,0.540909149,0.188421011,0.259535045,0.623353128,0.117111827
tree_24,0.448634825,0.334049761,0.217315414,0.506352736,0.173502527,0.320144738,0.043226059,0.281489593,0.675284348,0.347845404,0.306363037,0.345791559,0.583600289,0.263384599,0.153015113
tree_25,0.190801606,0.304637975,0.504560418,0.046892233,0.796217128,0.156890639,0.149474679,0.37543665,0.475088671,0.347669013,0.080271027,0.57205996,0.891427346,0.080564122,0.028008532
tree_26,0.200643686,0.480956674,0.31839964,0.262850815,0.560053867,0.177095318,0.415348767,0.11763451,0.467016722,0.304708551,0.403806629,0.29148482,0.44820882,0.171731812,0.380059367
tree_27,0.421215295,0.414050128,0.164734577,0.425681332,0.51927114,0.055047529,0.390018707,0.356466446,0.253514847,0.186566841,0.484883219,0.328549941,0.278828628,0.473335418,0.247835954
tree_28,0.616249706,0.279182052,0.104568241,0.006862515,0.773738062,0.219399423,0.237774122,0.494846921,0.267378957,0.490938005,0.395643823,0.113418172,0.666033573,0.028957802,0.305008624
tree_29,0.330601794,0.599152353,0.070245853,0.498811077,0.028882552,0.47230637,0.706578921,0.2244605,0.068960578,0.675022986,0.111798344,0.213178671,0.30400929,0.224652113,0.471338597
tree_30,0.01557567,0.500154204,0.484270126,0.207985636,0.225957229,0.566057135,0.430344341,0.321388569,0.24826709,0.291930322,0.116537712,0.591531966,0.385503943,0.294981122,0.319514935
tree_31,0.090314384,0.511795263,0.397890353,0.2702095,0.524530973,0.205259527,0.163988858,0.408778509,0.427232633,0.282671185,0.543650533,0.173678283,0.293197766,0.399538802,0.307263432
tree_32,0.101817499,0.289325687,0.608856814,0.322749791,0.055231898,0.622018311,0.311551347,0.058421319,0.630027334,0.783239346,0.153004674,0.06375598,0.359873191,0.33605783,0.304068979
tree_33,0.490217385,0.166736672,0.343045943,0.523581967,0.220593489,0.255824544,0.129641723,0.575997795,0.294360482,0.783587168,0.069143981,0.147268851,0.136569043,0.25547054,0.607960417
tree_34,0.421842615,0.231899746,0.34625764,0.525956641,0.157558308,0.316485051,0.066436728,0.84018024,0.093383032,0.351756259,0.209530787,0.438712954,0.338878528,0.646710858,0.014410614
tree_35,0.35756402,0.311200494,0.331235486,0.035322324,0.597861833,0.366815843,0.585298527,0.360545398,0.054156075,0.229002909,0.405058202,0.365938889,0.018078594,0.431404046,0.55051736
tree_36,0.328698857,0.08232815,0.588972993,0.623121917,0.28469019,0.092187893,0.463377425,0.398900162,0.137722413,0.48089511,0.396743255,0.122361635,0.818061438,0.06542801,0.116510551
tree_37,0.321613132,0.055147077,0.623239791,0.323485255,0.226116882,0.450397863,0.218855144,0.533732589,0.247412268,0.300299816,0.437221235,0.262478949,0.261124409,0.41469039,0.324185201
tree_38,0.502086791,0.447329175,0.050584034,0.659077529,0.091902924,0.249019547,0.170542726,0.234916831,0.594540443,0.338079881,0.418577634,0.243342486,0.346388499,0.427360311,0.22625119
tree_39,0.403679961,0.482226116,0.114093923,0.373935149,0.064462704,0.561602147,0.575338115,0.039176284,0.385485601,0.572039699,0.110193234,0.317767067,0.186968503,0.356361572,0.456669925
tree_40,0.744913756,0.17613373,0.078952514,0.260628498,0.551144168,0.188227334,0.743836605,0.011739972,0.244423422,0.377671044,0.269699453,0.352629503,0.326951164,0.257889912,0.415158924
tree_41,0.704930996,0.279777951,0.015291053,0.294261065,0.091561444,0.614177492,0.325251726,0.132585349,0.542162925,0.489850421,0.002460054,0.507689525,0.148551624,0.240441607,0.611006769
tree_42,0.354002637,0.358820612,0.287176751,0.506197277,0.297699102,0.19610362,0.100528224,0.608534331,0.290937445,0.071221656,0.504266799,0.424511545,0.653922455,0.172707298,0.173370247
tree_43,0.600305817,0.174235768,0.225458415,0.382370325,0.375730663,0.241899011,0.599229605,0.088292861,0.312477534,0.239081965,0.355170803,0.405747232,0.304209655,0.060502274,0.635288072
tree_44,0.514600217,0.39779045,0.087609333,0.103937449,0.534551033,0.361511518,0.092206857,0.22244577,0.685347373,0.304252312,0.534507059,0.16124063,0.296778584,0.464404468,0.238816948
tree_45,0.080140145,0.463121999,0.456737856,0.397365472,0.022097655,0.580536873,0.430327849,0.411167659,0.158504491,0.276148311,0.597062797,0.126788892,0.471132459,0.301192134,0.227675407
tree_46,0.150542548,0.430741669,0.418715782,0.195758256,0.414126624,0.390115121,0.884758906,0.04054341,0.074697685,0.184405269,0.247666266,0.567928464,0.378955639,0.145638076,0.475406285
tree_47,0.175770401,0.415017183,0.409212416,0.388991939,0.462150986,0.148857075,0.181522566,0.468010921,0.350466514,0.448027438,0.345685391,0.206287171,0.406784669,0.472897711,0.12031762
tree_48,0.189377769,0.3381086,0.472513631,0.154914268,0.704012415,0.141073317,0.298614657,0.174143186,0.527242157,0.276074431,0.64541891,0.078506659,0.182737522,0.596507853,0.220754625
tree_49,0.260173895,0.041871989,0.697954117,0.227053806,0.533289388,0.239656806,0.302125741,0.3159204,0.381953859,0.467238147,0.480508531,0.052253322,0.021982754,0.222350726,0.75566652
tree_50,0.470036052,0.203972068,0.325991881,0.422996543,0.229254563,0.347748894,0.350079187,0.316816238,0.333104575,0.29207703,0.352117749,0.355805221,0.474654147,0.420624998,0.104720855
tree_51,0.38411356,0.097601685,0.518284755,0.200248267,0.190858925,0.608892808,0.578768325,0.320425191,0.100806484,0.141489775,0.498923476,0.359586749,0.206792161,0.323954712,0.469253126
tree_52,0.321092345,0.020669803,0.658237853,0.449162413,0.318675178,0.232162409,0.479285838,0.187781064,0.332933098,0.142146253,0.678280146,0.179573601,0.426661582,0.235567837,0.337770581
tree_53,0.442158431,0.542137271,0.015704297,0.210251484,0.054239,0.735509516,0.185069579,0.111355965,0.703574457,0.349337531,0.27276369,0.377898779,0.121638203,0.593345529,0.285016269
tree_54,0.03532907,0.334740356,0.629930573,0.177198937,0.609046921,0.213754142,0.204986242,0.474026422,0.320987336,0.471285166,0.342739879,0.185974955,0.137545067,0.301365203,0.56108973
tree_55,0.046691586,0.482622732,0.470685682,0.310243673,0.551309914,0.138446413,0.624471095,0.066983873,0.308545032,0.156828238,0.486670609,0.356501153,0.541067213,0.083363608,0.375569179
tree_56,0.432677147,0.215521942,0.351800911,0.19135981,0.624308007,0.184332183,0.523926688,0.198900835,0.277172477,0.076644924,0.425631436,0.49772364,0.254474465,0.275185173,0.470340362
tree_57,0.115172566,0.662958708,0.221868727,0.181509834,0.347145912,0.471344254,0.662237497,0.159128451,0.178634052,0.497419794,0.202796599,0.299783607,0.533592807,0.301124716,0.165282477
tree_58,0.033903936,0.322719242,0.643376823,0.287899827,0.369529759,0.342570414,0.541938649,0.182808474,0.275252877,0.452358893,0.287494054,0.260147054,0.254921904,0.29286002,0.452218076
tree_59,0.278743996,0.198787972,0.522468032,0.110967516,0.261828983,0.627203502,0.376878694,0.525314101,0.097807205,0.584035834,0.047628436,0.36833573,0.350590262,0.272577976,0.376831762
tree_60,0.435188106,0.170199803,0.394612091,0.308562572,0.440699126,0.250738302,0.552271088,0.033274009,0.414454903,0.417261659,0.174751214,0.407987127,0.652630173,0.264189812,0.083180015
tree_61,0.237715076,0.069845002,0.692439922,0.355723008,0.09547504,0.548801951,0.366482068,0.465394519,0.168123413,0.162671586,0.425525792,0.411802622,0.693375529,0.301299566,0.005324905
tree_62,0.379966803,0.166402511,0.453630686,0.227312673,0.26727117,0.505416158,0.153513852,0.208551944,0.637934204,0.388336164,0.381685337,0.229978499,0.580779977,0.02591894,0.393301083
tree_63,0.237609055,0.416325584,0.346065361,0.364045995,0.050453341,0.585500665,0.897571763,0.059736698,0.042691539,0.275083104,0.24747471,0.477442186,0.161081639,0.630951519,0.207966842
tree_64,0.213916109,0.40921012,0.376873771,0.433219002,0.442791033,0.123989965,0.85843133,0.099085325,0.042483345,0.371651996,0.101064181,0.527283823,0.186487568,0.582336695,0.231175737
tree_65,0.405734041,0.593718417,0.000547542,0.044819805,0.399604927,0.555575268,0.294707682,0.549194397,0.156097921,0.46808294,0.431634133,0.100282927,0.381389829,0.037200353,0.581409818
tree_66,0.483335219,0.475669964,0.040994816,0.26958092,0.138112769,0.592306311,0.063091532,0.108085573,0.828822894,0.659001515,0.23383723,0.107161254,0.173596742,0.496268588,0.33013467
tree_67,0.440394051,0.192320735,0.367285214,0.316369905,0.546581821,0.137048273,0.196714453,0.556435502,0.246850046,0.340902706,0.602639459,0.056457836,0.432837947,0.385570471,0.181591582
tree_68,0.79628218,0.053388934,0.150328886,0.380642203,0.26638222,0.352975577,0.26629438,0.030006197,0.703699422,0.48839635,0.069367959,0.442235691,0.652836795,0.00843962,0.338723585
tree_69,0.130266991,0.380905979,0.48882703,0.57226319,0.025482204,0.402254606,0.030161372,0.497999778,0.47183885,0.401856943,0.185906488,0.412236569,0.489387091,0.132659885,0.377953024
tree_70,0.870709487,0.120831151,0.008459362,0.283887373,0.565779271,0.150333356,0.281494754,0.523201934,0.195303312,0.427385537,0.057647844,0.514966619,0.481890736,0.416020677,0.102088587
tree_71,0.515892325,0.09176938,0.392338295,0.084053248,0.745488369,0.170458384,0.051415624,0.345908082,0.602676294,0.475033817,0.010535017,0.514431166,0.468412177,0.192004235,0.339583588
tree_72,0.492656216,0.010074448,0.497269336,0.278012664,0.428666066,0.29332127,0.318945056,0.220191304,0.46086364,0.144672709,0.42424868,0.431078611,0.103780259,0.565702075,0.330517666
tree_73,0.39457779,0.477680827,0.127741383,0.289567963,0.535496615,0.174935423,0.320643097,0.015254942,0.664101962,0.004244008,0.593256975,0.402499017,0.323184811,0.236733829,0.44008136
tree_74,0.279221436,0.545127677,0.175650886,0.517947712,0.226592326,0.255459962,0.384511547,0.335406236,0.280082217,0.505666067,0.204925443,0.28940849,0.679169839,0.267367617,0.053462545
tree_75,0.838584884,0.118237466,0.04317765,0.20515127,0.101122034,0.693726696,0.447565483,0.207988929,0.344445588,0.181961409,0.318837567,0.499201024,0.443625706,0.139458315,0.416915979
tree_76,0.413501341,0.121554001,0.464944658,0.505910427,0.024794236,0.469295337,0.466224284,0.055584763,0.478190954,0.202915472,0.646668252,0.150416277,0.376192515,0.528955385,0.0948521
tree_77,0.254344699,0.371269544,0.374385757,0.204545984,0.207934438,0.587519578,0.402239368,0.346714372,0.25104626,0.309523565,0.356100263,0.334376172,0.370513233,0.120624585,0.508862182
tree_78,0.236627547,0.350901335,0.412471118,0.416067197,0.052126095,0.531806708,0.46429569,0.037137848,0.498566462,0.388035176,0.294905819,0.317059005,0.326481945,0.327957775,0.34556028
tree_79,0.805426574,0.03236869,0.162204737,0.453757949,0.029479102,0.516762949,0.08907121,0.651038173,0.259890617,0.218104355,0.368663818,0.413231827,0.037763367,0.356058365,0.606178268
tree_80,0.461919472,0.428015919,0.110064609,0.377943213,0.223752168,0.398304619,0.452530105,0.26091482,0.286555076,0.461338841,0.468839725,0.069821435,0.290107038,0.356337819,0.353555143
tree_81,0.154967046,0.711778887,0.133254066,0.575286157,0.049834257,0.374879586,0.325714989,0.439419397,0.234865614,0.348237389,0.380453577,0.271309034,0.159402271,0.418618658,0.421979071
tree_82,0.437940591,0.550531825,0.011527585,0.785765775,0.205036055,0.00919817,0.4557649,0.054814874,0.489420226,0.424235746,0.271363399,0.304400854,0.292591229,0.458941133,0.248467638
tree_83,0.50541175,0.349519117,0.145069133,0.37227657,0.511880769,0.115842661,0.241942038,0.268036811,0.490021151,0.581845322,0.268293119,0.149861558,0.035609456,0.490718157,0.473672387
tree_84,0.207596157,0.326899815,0.465504028,0.491894879,0.146945515,0.361159606,0.30580042,0.407139453,0.287060127,0.083410327,0.65693793,0.259651742,0.308503457,0.349412244,0.342084299
tree_85,0.321978107,0.001421686,0.676600207,0.557812041,0.048398792,0.393789166,0.466676344,0.50973244,0.023591216,0.236031939,0.529491325,0.234476736,0.58879935,0.38597805,0.0252226
tree_86,0.29545829,0.340680813,0.363860897,0.051785641,0.344989152,0.603225207,0.617331402,0.29108158,0.091587018,0.176806005,0.392230593,0.430963402,0.082530449,0.392360155,0.525109397
tree_87,0.133675813,0.510753988,0.3555702,0.354010538,0.200035425,0.445954037,0.802347089,0.064977646,0.132675266,0.689065885,0.24557989,0.065354225,0.370459103,0.119917692,0.509623205
tree_88,0.538624214,0.190682371,0.270693416,0.803564589,0.150669863,0.045765548,0.747278485,0.158928509,0.093793006,0.41141317,0.491686498,0.096900332,0.028603798,0.330696143,0.640700058
tree_89,0.029433726,0.532678795,0.437887479,0.137475638,0.474768198,0.387756164,0.370404439,0.202924435,0.426671127,0.30171644,0.046472993,0.651810567,0.423892335,0.27433114,0.301776525
tree_90,0.169504059,0.278051283,0.552444658,0.322633314,0.375947388,0.301419298,0.096717265,0.238711259,0.664571476,0.340771655,0.171341894,0.487886452,0.542471339,0.448827518,0.008701143
tree_91,0.188313954,0.402542959,0.409143087,0.412448019,0.238284881,0.349267099,0.581036683,0.255784378,0.163178938,0.452151037,0.143666114,0.404182849,0.612029047,0.067662794,0.320308159
tree_92,0.094117654,0.496868014,0.409014332,0.496009995,0.37048453,0.133505475,0.335159138,0.132115841,0.532725022,0.429483593,0.290878937,0.27963747,0.146090145,0.117387939,0.736521916
tree_93,0.421479809,0.225621306,0.352898885,0.365390792,0.10950429,0.525104918,0.382743275,0.262735969,0.354520756,0.255842282,0.325158408,0.41899931,0.304103473,0.620136027,0.075760501
tree_94,0.051819002,0.885402161,0.062778838,0.835942742,0.047311079,0.116746179,0.40260065,0.24823878,0.34916057,0.3484823,0.314101464,0.337416236,0.447169241,0.233979186,0.318851573
tree_95,0.115590877,0.414884066,0.469525056,0.362295882,0.334908536,0.302795582,0.160356414,0.430156726,0.40948686,0.527131653,0.392211349,0.080656998,0.459779065,0.177218952,0.363001983
tree_96,0.335884209,0.605396787,0.058719004,0.031227638,0.402512566,0.566259796,0.363182285,0.558712758,0.078104957,0.333591137,0.255141625,0.411267238,0.231571888,0.345792476,0.422635636
tree_97,0.040913693,0.461383297,0.49770301,0.540716006,0.272722713,0.18656128,0.407673797,0.161600425,0.430725778,0.707166031,0.266489784,0.026344186,0.321880218,0.338015301,0.340104481
tree_98,0.274738672,0.384498302,0.340763026,0.134747928,0.220693151,0.644558922,0.260503423,0.369508957,0.36998762,0.57175203,0.205071943,0.223176028,0.17318608,0.440250819,0.386563102
tree_99,0.04498578,0.363266451,0.591747769,0.251265564,0.158881798,0.589852638,0.284385857,0.43537956,0.280234582,0.535292514,0.439849487,0.024858,0.338742955,0.410868025,0.25038902
tree_100,0.182333494,0.235383502,0.582283004,0.666826784,0.096527989,0.236645227,0.464475344,0.236439296,0.29908536,0.387086162,0.420440065,0.192473773,0.264115947,0.648555963,0.08732809